<?xml version="1.0" encoding="utf-8"?>
<ProjectData projectKey="155df94d-4dc2-4397-97b5-b8ac9981be02">
  <BusinessProcess>
    <ID>1</ID>
    <Name>Business Process-1</Name>
    <Flow>
      <ID>1</ID>
      <Name>Flow-1</Name>
      <Step>
        <ID>1</ID>
        <Name>BAM Utility</Name>
      </Step>
      <Step>
        <ID>2</ID>
        <Name>NOP</Name>
      </Step>
    </Flow>
    <Flow>
      <ID>2</ID>
      <Name>Flow-2</Name>
      <Step>
        <ID>1</ID>
        <Name>NOP</Name>
      </Step>
    </Flow>
  </BusinessProcess>
</ProjectData>